1,Alba Iulia,Alba,46.0733,23.5805,1127631,LARGE,0,weekly,5
1,Alba Iulia,Alba,46.0733,23.5805,1127631,LARGE,0,weekly,6
1,Alba Iulia,Alba,46.0733,23.5805,1127631,LARGE,0,weekly,7
1,Alba Iulia,Alba,46.0733,23.5805,1127631,LARGE,0,weekly,8
1,Alba Iulia,Alba,46.0733,23.5805,1127631,LARGE,0,weekly,12
1,Alba Iulia,Alba,46.0733,23.5805,1127631,LARGE,0,weekly,13
1,Alba Iulia,Alba,46.0733,23.5805,1127631,LARGE,0,weekly,14
1,Alba Iulia,Alba,46.0733,23.5805,1127631,LARGE,0,weekly,15
1,Alba Iulia,Alba,46.0733,23.5805,1127631,LARGE,0,weekly,19
1,Alba Iulia,Alba,46.0733,23.5805,1127631,LARGE,0,weekly,20
1,Alba Iulia,Alba,46.0733,23.5805,1127631,LARGE,0,weekly,21
1,Alba Iulia,Alba,46.0733,23.5805,1127631,LARGE,0,weekly,22
1,Alba Iulia,Alba,46.0733,23.5805,1127631,LARGE,0,weekly,26
1,Alba Iulia,Alba,46.0733,23.5805,1127631,LARGE,0,weekly,27
1,Alba Iulia,Alba,46.0733,23.5805,1127631,LARGE,0,weekly,28
1,Alba Iulia,Alba,46.0733,23.5805,1127631,LARGE,0,weekly,29
1,Alba Iulia,Alba,46.0733,23.5805,1127631,LARGE,0,weekly,33
1,Alba Iulia,Alba,46.0733,23.5805,1127631,LARGE,0,weekly,34
1,Alba Iulia,Alba,46.0733,23.5805,1127631,LARGE,0,weekly,35
1,Alba Iulia,Alba,46.0733,23.5805,1127631,LARGE,0,weekly,36
1,Alba Iulia,Alba,46.0733,23.5805,1127631,LARGE,0,weekly,40
1,Alba Iulia,Alba,46.0733,23.5805,1127631,LARGE,0,weekly,41
1,Alba Iulia,Alba,46.0733,23.5805,1127631,LARGE,0,weekly,42
1,Alba Iulia,Alba,46.0733,23.5805,1127631,LARGE,0,weekly,43
1,Alba Iulia,Alba,46.0733,23.5805,1127631,LARGE,0,weekly,47
0,Nasaud,Bistrita-Nasaud,47.2922,24.3973,1349829,LARGE,15,twice-a-week,48
1,Alba Iulia,Alba,46.0733,23.5805,1127631,LARGE,0,weekly,48
1,Alba Iulia,Alba,46.0733,23.5805,1127631,LARGE,0,weekly,49
1,Alba Iulia,Alba,46.0733,23.5805,1127631,LARGE,0,weekly,50
1,Alba Iulia,Alba,46.0733,23.5805,1127631,LARGE,0,weekly,54
1,Alba Iulia,Alba,46.0733,23.5805,1127631,LARGE,0,weekly,55
1,Alba Iulia,Alba,46.0733,23.5805,1127631,LARGE,0,weekly,56
1,Alba Iulia,Alba,46.0733,23.5805,1127631,LARGE,0,weekly,57
1,Alba Iulia,Alba,46.0733,23.5805,1127631,LARGE,0,weekly,61
0,Nasaud,Bistrita-Nasaud,47.2922,24.3973,1349829,LARGE,15,twice-a-week,62
1,Alba Iulia,Alba,46.0733,23.5805,1127631,LARGE,0,weekly,62
1,Alba Iulia,Alba,46.0733,23.5805,1127631,LARGE,0,weekly,63
1,Alba Iulia,Alba,46.0733,23.5805,1127631,LARGE,0,weekly,64
1,Alba Iulia,Alba,46.0733,23.5805,1127631,LARGE,0,weekly,68
1,Alba Iulia,Alba,46.0733,23.5805,1127631,LARGE,0,weekly,69
1,Alba Iulia,Alba,46.0733,23.5805,1127631,LARGE,0,weekly,70
1,Alba Iulia,Alba,46.0733,23.5805,1127631,LARGE,0,weekly,71
1,Alba Iulia,Alba,46.0733,23.5805,1127631,LARGE,0,weekly,75
0,Nasaud,Bistrita-Nasaud,47.2922,24.3973,1349829,LARGE,15,twice-a-week,76
1,Alba Iulia,Alba,46.0733,23.5805,1127631,LARGE,0,weekly,76
1,Alba Iulia,Alba,46.0733,23.5805,1127631,LARGE,0,weekly,77
1,Alba Iulia,Alba,46.0733,23.5805,1127631,LARGE,0,weekly,78
1,Alba Iulia,Alba,46.0733,23.5805,1127631,LARGE,0,weekly,82
1,Alba Iulia,Alba,46.0733,23.5805,1127631,LARGE,0,weekly,83
1,Alba Iulia,Alba,46.0733,23.5805,1127631,LARGE,0,weekly,84
1,Alba Iulia,Alba,46.0733,23.5805,1127631,LARGE,0,weekly,85
12,Poiana Marului,Brasov,45.605,25.3076,327776,SMALL,1,bi-weekly,5
12,Poiana Marului,Brasov,45.605,25.3076,327776,SMALL,1,bi-weekly,6
12,Poiana Marului,Brasov,45.605,25.3076,327776,SMALL,1,bi-weekly,7
12,Poiana Marului,Brasov,45.605,25.3076,327776,SMALL,1,bi-weekly,8
12,Poiana Marului,Brasov,45.605,25.3076,327776,SMALL,1,bi-weekly,19
12,Poiana Marului,Brasov,45.605,25.3076,327776,SMALL,1,bi-weekly,20
12,Poiana Marului,Brasov,45.605,25.3076,327776,SMALL,1,bi-weekly,21
12,Poiana Marului,Brasov,45.605,25.3076,327776,SMALL,1,bi-weekly,22
12,Poiana Marului,Brasov,45.605,25.3076,327776,SMALL,1,bi-weekly,33
12,Poiana Marului,Brasov,45.605,25.3076,327776,SMALL,1,bi-weekly,34
12,Poiana Marului,Brasov,45.605,25.3076,327776,SMALL,1,bi-weekly,35
12,Poiana Marului,Brasov,45.605,25.3076,327776,SMALL,1,bi-weekly,36
12,Poiana Marului,Brasov,45.605,25.3076,327776,SMALL,1,bi-weekly,47
12,Poiana Marului,Brasov,45.605,25.3076,327776,SMALL,1,bi-weekly,48
12,Poiana Marului,Brasov,45.605,25.3076,327776,SMALL,1,bi-weekly,49
12,Poiana Marului,Brasov,45.605,25.3076,327776,SMALL,1,bi-weekly,50
12,Poiana Marului,Brasov,45.605,25.3076,327776,SMALL,1,bi-weekly,61
12,Poiana Marului,Brasov,45.605,25.3076,327776,SMALL,1,bi-weekly,62
12,Poiana Marului,Brasov,45.605,25.3076,327776,SMALL,1,bi-weekly,63
12,Poiana Marului,Brasov,45.605,25.3076,327776,SMALL,1,bi-weekly,64
12,Poiana Marului,Brasov,45.605,25.3076,327776,SMALL,1,bi-weekly,75
12,Poiana Marului,Brasov,45.605,25.3076,327776,SMALL,1,bi-weekly,76
12,Poiana Marului,Brasov,45.605,25.3076,327776,SMALL,1,bi-weekly,77
12,Poiana Marului,Brasov,45.605,25.3076,327776,SMALL,1,bi-weekly,78
18,Paclisa,Hunedoara,45.5631,22.8802,322027,SMALL,4,twice-a-week,5
18,Paclisa,Hunedoara,45.5631,22.8802,322027,SMALL,4,twice-a-week,6
18,Paclisa,Hunedoara,45.5631,22.8802,322027,SMALL,4,twice-a-week,7
18,Paclisa,Hunedoara,45.5631,22.8802,322027,SMALL,4,twice-a-week,8
18,Paclisa,Hunedoara,45.5631,22.8802,322027,SMALL,4,twice-a-week,12
18,Paclisa,Hunedoara,45.5631,22.8802,322027,SMALL,4,twice-a-week,13
18,Paclisa,Hunedoara,45.5631,22.8802,322027,SMALL,4,twice-a-week,14
18,Paclisa,Hunedoara,45.5631,22.8802,322027,SMALL,4,twice-a-week,19
18,Paclisa,Hunedoara,45.5631,22.8802,322027,SMALL,4,twice-a-week,20
18,Paclisa,Hunedoara,45.5631,22.8802,322027,SMALL,4,twice-a-week,21
18,Paclisa,Hunedoara,45.5631,22.8802,322027,SMALL,4,twice-a-week,22
18,Paclisa,Hunedoara,45.5631,22.8802,322027,SMALL,4,twice-a-week,26
18,Paclisa,Hunedoara,45.5631,22.8802,322027,SMALL,4,twice-a-week,27
18,Paclisa,Hunedoara,45.5631,22.8802,322027,SMALL,4,twice-a-week,28
18,Paclisa,Hunedoara,45.5631,22.8802,322027,SMALL,4,twice-a-week,33
18,Paclisa,Hunedoara,45.5631,22.8802,322027,SMALL,4,twice-a-week,34
18,Paclisa,Hunedoara,45.5631,22.8802,322027,SMALL,4,twice-a-week,35
18,Paclisa,Hunedoara,45.5631,22.8802,322027,SMALL,4,twice-a-week,36
18,Paclisa,Hunedoara,45.5631,22.8802,322027,SMALL,4,twice-a-week,40
18,Paclisa,Hunedoara,45.5631,22.8802,322027,SMALL,4,twice-a-week,41
18,Paclisa,Hunedoara,45.5631,22.8802,322027,SMALL,4,twice-a-week,42
18,Paclisa,Hunedoara,45.5631,22.8802,322027,SMALL,4,twice-a-week,47
18,Paclisa,Hunedoara,45.5631,22.8802,322027,SMALL,4,twice-a-week,48
18,Paclisa,Hunedoara,45.5631,22.8802,322027,SMALL,4,twice-a-week,49
18,Paclisa,Hunedoara,45.5631,22.8802,322027,SMALL,4,twice-a-week,50
18,Paclisa,Hunedoara,45.5631,22.8802,322027,SMALL,4,twice-a-week,54
18,Paclisa,Hunedoara,45.5631,22.8802,322027,SMALL,4,twice-a-week,55
18,Paclisa,Hunedoara,45.5631,22.8802,322027,SMALL,4,twice-a-week,56
18,Paclisa,Hunedoara,45.5631,22.8802,322027,SMALL,4,twice-a-week,61
18,Paclisa,Hunedoara,45.5631,22.8802,322027,SMALL,4,twice-a-week,62
18,Paclisa,Hunedoara,45.5631,22.8802,322027,SMALL,4,twice-a-week,63
18,Paclisa,Hunedoara,45.5631,22.8802,322027,SMALL,4,twice-a-week,64
18,Paclisa,Hunedoara,45.5631,22.8802,322027,SMALL,4,twice-a-week,68
18,Paclisa,Hunedoara,45.5631,22.8802,322027,SMALL,4,twice-a-week,69
18,Paclisa,Hunedoara,45.5631,22.8802,322027,SMALL,4,twice-a-week,70
18,Paclisa,Hunedoara,45.5631,22.8802,322027,SMALL,4,twice-a-week,75
18,Paclisa,Hunedoara,45.5631,22.8802,322027,SMALL,4,twice-a-week,76
18,Paclisa,Hunedoara,45.5631,22.8802,322027,SMALL,4,twice-a-week,77
18,Paclisa,Hunedoara,45.5631,22.8802,322027,SMALL,4,twice-a-week,78
18,Paclisa,Hunedoara,45.5631,22.8802,322027,SMALL,4,twice-a-week,82
18,Paclisa,Hunedoara,45.5631,22.8802,322027,SMALL,4,twice-a-week,83
18,Paclisa,Hunedoara,45.5631,22.8802,322027,SMALL,4,twice-a-week,84
5,Voitinel,Suceava,47.8805,25.7494,430984,MEDIUM,5,weekly,5
5,Voitinel,Suceava,47.8805,25.7494,430984,MEDIUM,5,weekly,6
5,Voitinel,Suceava,47.8805,25.7494,430984,MEDIUM,5,weekly,7
5,Voitinel,Suceava,47.8805,25.7494,430984,MEDIUM,5,weekly,8
5,Voitinel,Suceava,47.8805,25.7494,430984,MEDIUM,5,weekly,12
5,Voitinel,Suceava,47.8805,25.7494,430984,MEDIUM,5,weekly,13
5,Voitinel,Suceava,47.8805,25.7494,430984,MEDIUM,5,weekly,14
5,Voitinel,Suceava,47.8805,25.7494,430984,MEDIUM,5,weekly,15
5,Voitinel,Suceava,47.8805,25.7494,430984,MEDIUM,5,weekly,19
5,Voitinel,Suceava,47.8805,25.7494,430984,MEDIUM,5,weekly,20
5,Voitinel,Suceava,47.8805,25.7494,430984,MEDIUM,5,weekly,21
5,Voitinel,Suceava,47.8805,25.7494,430984,MEDIUM,5,weekly,22
5,Voitinel,Suceava,47.8805,25.7494,430984,MEDIUM,5,weekly,26
5,Voitinel,Suceava,47.8805,25.7494,430984,MEDIUM,5,weekly,27
5,Voitinel,Suceava,47.8805,25.7494,430984,MEDIUM,5,weekly,28
5,Voitinel,Suceava,47.8805,25.7494,430984,MEDIUM,5,weekly,29
5,Voitinel,Suceava,47.8805,25.7494,430984,MEDIUM,5,weekly,33
5,Voitinel,Suceava,47.8805,25.7494,430984,MEDIUM,5,weekly,34
5,Voitinel,Suceava,47.8805,25.7494,430984,MEDIUM,5,weekly,35
5,Voitinel,Suceava,47.8805,25.7494,430984,MEDIUM,5,weekly,36
5,Voitinel,Suceava,47.8805,25.7494,430984,MEDIUM,5,weekly,40
5,Voitinel,Suceava,47.8805,25.7494,430984,MEDIUM,5,weekly,41
5,Voitinel,Suceava,47.8805,25.7494,430984,MEDIUM,5,weekly,42
5,Voitinel,Suceava,47.8805,25.7494,430984,MEDIUM,5,weekly,43
5,Voitinel,Suceava,47.8805,25.7494,430984,MEDIUM,5,weekly,47
5,Voitinel,Suceava,47.8805,25.7494,430984,MEDIUM,5,weekly,48
5,Voitinel,Suceava,47.8805,25.7494,430984,MEDIUM,5,weekly,49
5,Voitinel,Suceava,47.8805,25.7494,430984,MEDIUM,5,weekly,50
5,Voitinel,Suceava,47.8805,25.7494,430984,MEDIUM,5,weekly,54
5,Voitinel,Suceava,47.8805,25.7494,430984,MEDIUM,5,weekly,55
5,Voitinel,Suceava,47.8805,25.7494,430984,MEDIUM,5,weekly,56
5,Voitinel,Suceava,47.8805,25.7494,430984,MEDIUM,5,weekly,57
5,Voitinel,Suceava,47.8805,25.7494,430984,MEDIUM,5,weekly,61
5,Voitinel,Suceava,47.8805,25.7494,430984,MEDIUM,5,weekly,62
5,Voitinel,Suceava,47.8805,25.7494,430984,MEDIUM,5,weekly,63
5,Voitinel,Suceava,47.8805,25.7494,430984,MEDIUM,5,weekly,64
5,Voitinel,Suceava,47.8805,25.7494,430984,MEDIUM,5,weekly,68
5,Voitinel,Suceava,47.8805,25.7494,430984,MEDIUM,5,weekly,69
5,Voitinel,Suceava,47.8805,25.7494,430984,MEDIUM,5,weekly,70
5,Voitinel,Suceava,47.8805,25.7494,430984,MEDIUM,5,weekly,71
5,Voitinel,Suceava,47.8805,25.7494,430984,MEDIUM,5,weekly,75
5,Voitinel,Suceava,47.8805,25.7494,430984,MEDIUM,5,weekly,76
5,Voitinel,Suceava,47.8805,25.7494,430984,MEDIUM,5,weekly,77
5,Voitinel,Suceava,47.8805,25.7494,430984,MEDIUM,5,weekly,78
5,Voitinel,Suceava,47.8805,25.7494,430984,MEDIUM,5,weekly,82
5,Voitinel,Suceava,47.8805,25.7494,430984,MEDIUM,5,weekly,83
5,Voitinel,Suceava,47.8805,25.7494,430984,MEDIUM,5,weekly,84
5,Voitinel,Suceava,47.8805,25.7494,430984,MEDIUM,5,weekly,85
8,Lunca de Jos,Harghita,46.6446,25.9562,1255089,LARGE,6,weekly,5
8,Lunca de Jos,Harghita,46.6446,25.9562,1255089,LARGE,6,weekly,6
8,Lunca de Jos,Harghita,46.6446,25.9562,1255089,LARGE,6,weekly,7
8,Lunca de Jos,Harghita,46.6446,25.9562,1255089,LARGE,6,weekly,8
8,Lunca de Jos,Harghita,46.6446,25.9562,1255089,LARGE,6,weekly,12
8,Lunca de Jos,Harghita,46.6446,25.9562,1255089,LARGE,6,weekly,13
8,Lunca de Jos,Harghita,46.6446,25.9562,1255089,LARGE,6,weekly,14
8,Lunca de Jos,Harghita,46.6446,25.9562,1255089,LARGE,6,weekly,15
8,Lunca de Jos,Harghita,46.6446,25.9562,1255089,LARGE,6,weekly,19
8,Lunca de Jos,Harghita,46.6446,25.9562,1255089,LARGE,6,weekly,20
8,Lunca de Jos,Harghita,46.6446,25.9562,1255089,LARGE,6,weekly,21
8,Lunca de Jos,Harghita,46.6446,25.9562,1255089,LARGE,6,weekly,22
8,Lunca de Jos,Harghita,46.6446,25.9562,1255089,LARGE,6,weekly,26
8,Lunca de Jos,Harghita,46.6446,25.9562,1255089,LARGE,6,weekly,27
8,Lunca de Jos,Harghita,46.6446,25.9562,1255089,LARGE,6,weekly,28
8,Lunca de Jos,Harghita,46.6446,25.9562,1255089,LARGE,6,weekly,29
8,Lunca de Jos,Harghita,46.6446,25.9562,1255089,LARGE,6,weekly,33
8,Lunca de Jos,Harghita,46.6446,25.9562,1255089,LARGE,6,weekly,34
8,Lunca de Jos,Harghita,46.6446,25.9562,1255089,LARGE,6,weekly,35
8,Lunca de Jos,Harghita,46.6446,25.9562,1255089,LARGE,6,weekly,36
8,Lunca de Jos,Harghita,46.6446,25.9562,1255089,LARGE,6,weekly,40
8,Lunca de Jos,Harghita,46.6446,25.9562,1255089,LARGE,6,weekly,41
8,Lunca de Jos,Harghita,46.6446,25.9562,1255089,LARGE,6,weekly,42
8,Lunca de Jos,Harghita,46.6446,25.9562,1255089,LARGE,6,weekly,43
8,Lunca de Jos,Harghita,46.6446,25.9562,1255089,LARGE,6,weekly,47
8,Lunca de Jos,Harghita,46.6446,25.9562,1255089,LARGE,6,weekly,48
8,Lunca de Jos,Harghita,46.6446,25.9562,1255089,LARGE,6,weekly,49
8,Lunca de Jos,Harghita,46.6446,25.9562,1255089,LARGE,6,weekly,50
8,Lunca de Jos,Harghita,46.6446,25.9562,1255089,LARGE,6,weekly,54
8,Lunca de Jos,Harghita,46.6446,25.9562,1255089,LARGE,6,weekly,55
8,Lunca de Jos,Harghita,46.6446,25.9562,1255089,LARGE,6,weekly,56
8,Lunca de Jos,Harghita,46.6446,25.9562,1255089,LARGE,6,weekly,57
8,Lunca de Jos,Harghita,46.6446,25.9562,1255089,LARGE,6,weekly,61
8,Lunca de Jos,Harghita,46.6446,25.9562,1255089,LARGE,6,weekly,62
8,Lunca de Jos,Harghita,46.6446,25.9562,1255089,LARGE,6,weekly,63
8,Lunca de Jos,Harghita,46.6446,25.9562,1255089,LARGE,6,weekly,64
8,Lunca de Jos,Harghita,46.6446,25.9562,1255089,LARGE,6,weekly,68
8,Lunca de Jos,Harghita,46.6446,25.9562,1255089,LARGE,6,weekly,69
8,Lunca de Jos,Harghita,46.6446,25.9562,1255089,LARGE,6,weekly,70
8,Lunca de Jos,Harghita,46.6446,25.9562,1255089,LARGE,6,weekly,71
8,Lunca de Jos,Harghita,46.6446,25.9562,1255089,LARGE,6,weekly,75
8,Lunca de Jos,Harghita,46.6446,25.9562,1255089,LARGE,6,weekly,76
8,Lunca de Jos,Harghita,46.6446,25.9562,1255089,LARGE,6,weekly,77
8,Lunca de Jos,Harghita,46.6446,25.9562,1255089,LARGE,6,weekly,78
8,Lunca de Jos,Harghita,46.6446,25.9562,1255089,LARGE,6,weekly,82
8,Lunca de Jos,Harghita,46.6446,25.9562,1255089,LARGE,6,weekly,83
8,Lunca de Jos,Harghita,46.6446,25.9562,1255089,LARGE,6,weekly,84
8,Lunca de Jos,Harghita,46.6446,25.9562,1255089,LARGE,6,weekly,85
9,Tasnad,Satu Mare,47.4784,22.5817,958609,MEDIUM,7,bi-weekly,5
9,Tasnad,Satu Mare,47.4784,22.5817,958609,MEDIUM,7,bi-weekly,6
9,Tasnad,Satu Mare,47.4784,22.5817,958609,MEDIUM,7,bi-weekly,7
9,Tasnad,Satu Mare,47.4784,22.5817,958609,MEDIUM,7,bi-weekly,8
17,Almasu,Salaj,46.9662,23.0987,778871,MEDIUM,7,weekly,12
17,Almasu,Salaj,46.9662,23.0987,778871,MEDIUM,7,weekly,13
17,Almasu,Salaj,46.9662,23.0987,778871,MEDIUM,7,weekly,14
17,Almasu,Salaj,46.9662,23.0987,778871,MEDIUM,7,weekly,15
9,Tasnad,Satu Mare,47.4784,22.5817,958609,MEDIUM,7,bi-weekly,19
9,Tasnad,Satu Mare,47.4784,22.5817,958609,MEDIUM,7,bi-weekly,20
9,Tasnad,Satu Mare,47.4784,22.5817,958609,MEDIUM,7,bi-weekly,21
9,Tasnad,Satu Mare,47.4784,22.5817,958609,MEDIUM,7,bi-weekly,22
17,Almasu,Salaj,46.9662,23.0987,778871,MEDIUM,7,weekly,26
17,Almasu,Salaj,46.9662,23.0987,778871,MEDIUM,7,weekly,27
17,Almasu,Salaj,46.9662,23.0987,778871,MEDIUM,7,weekly,28
17,Almasu,Salaj,46.9662,23.0987,778871,MEDIUM,7,weekly,29
9,Tasnad,Satu Mare,47.4784,22.5817,958609,MEDIUM,7,bi-weekly,33
9,Tasnad,Satu Mare,47.4784,22.5817,958609,MEDIUM,7,bi-weekly,34
9,Tasnad,Satu Mare,47.4784,22.5817,958609,MEDIUM,7,bi-weekly,35
9,Tasnad,Satu Mare,47.4784,22.5817,958609,MEDIUM,7,bi-weekly,36
17,Almasu,Salaj,46.9662,23.0987,778871,MEDIUM,7,weekly,40
17,Almasu,Salaj,46.9662,23.0987,778871,MEDIUM,7,weekly,41
17,Almasu,Salaj,46.9662,23.0987,778871,MEDIUM,7,weekly,42
17,Almasu,Salaj,46.9662,23.0987,778871,MEDIUM,7,weekly,43
9,Tasnad,Satu Mare,47.4784,22.5817,958609,MEDIUM,7,bi-weekly,47
9,Tasnad,Satu Mare,47.4784,22.5817,958609,MEDIUM,7,bi-weekly,48
9,Tasnad,Satu Mare,47.4784,22.5817,958609,MEDIUM,7,bi-weekly,49
9,Tasnad,Satu Mare,47.4784,22.5817,958609,MEDIUM,7,bi-weekly,50
17,Almasu,Salaj,46.9662,23.0987,778871,MEDIUM,7,weekly,54
17,Almasu,Salaj,46.9662,23.0987,778871,MEDIUM,7,weekly,55
17,Almasu,Salaj,46.9662,23.0987,778871,MEDIUM,7,weekly,56
17,Almasu,Salaj,46.9662,23.0987,778871,MEDIUM,7,weekly,57
9,Tasnad,Satu Mare,47.4784,22.5817,958609,MEDIUM,7,bi-weekly,61
9,Tasnad,Satu Mare,47.4784,22.5817,958609,MEDIUM,7,bi-weekly,62
9,Tasnad,Satu Mare,47.4784,22.5817,958609,MEDIUM,7,bi-weekly,63
9,Tasnad,Satu Mare,47.4784,22.5817,958609,MEDIUM,7,bi-weekly,64
17,Almasu,Salaj,46.9662,23.0987,778871,MEDIUM,7,weekly,68
17,Almasu,Salaj,46.9662,23.0987,778871,MEDIUM,7,weekly,69
17,Almasu,Salaj,46.9662,23.0987,778871,MEDIUM,7,weekly,70
17,Almasu,Salaj,46.9662,23.0987,778871,MEDIUM,7,weekly,71
9,Tasnad,Satu Mare,47.4784,22.5817,958609,MEDIUM,7,bi-weekly,75
9,Tasnad,Satu Mare,47.4784,22.5817,958609,MEDIUM,7,bi-weekly,76
9,Tasnad,Satu Mare,47.4784,22.5817,958609,MEDIUM,7,bi-weekly,77
9,Tasnad,Satu Mare,47.4784,22.5817,958609,MEDIUM,7,bi-weekly,78
17,Almasu,Salaj,46.9662,23.0987,778871,MEDIUM,7,weekly,82
17,Almasu,Salaj,46.9662,23.0987,778871,MEDIUM,7,weekly,83
17,Almasu,Salaj,46.9662,23.0987,778871,MEDIUM,7,weekly,84
17,Almasu,Salaj,46.9662,23.0987,778871,MEDIUM,7,weekly,85
14,Chitesti,Arges,44.86,25.1378,791489,MEDIUM,10,twice-a-week,5
14,Chitesti,Arges,44.86,25.1378,791489,MEDIUM,10,twice-a-week,6
14,Chitesti,Arges,44.86,25.1378,791489,MEDIUM,10,twice-a-week,7
14,Chitesti,Arges,44.86,25.1378,791489,MEDIUM,10,twice-a-week,8
14,Chitesti,Arges,44.86,25.1378,791489,MEDIUM,10,twice-a-week,12
14,Chitesti,Arges,44.86,25.1378,791489,MEDIUM,10,twice-a-week,13
14,Chitesti,Arges,44.86,25.1378,791489,MEDIUM,10,twice-a-week,14
14,Chitesti,Arges,44.86,25.1378,791489,MEDIUM,10,twice-a-week,15
14,Chitesti,Arges,44.86,25.1378,791489,MEDIUM,10,twice-a-week,19
14,Chitesti,Arges,44.86,25.1378,791489,MEDIUM,10,twice-a-week,20
14,Chitesti,Arges,44.86,25.1378,791489,MEDIUM,10,twice-a-week,21
14,Chitesti,Arges,44.86,25.1378,791489,MEDIUM,10,twice-a-week,22
14,Chitesti,Arges,44.86,25.1378,791489,MEDIUM,10,twice-a-week,26
14,Chitesti,Arges,44.86,25.1378,791489,MEDIUM,10,twice-a-week,27
14,Chitesti,Arges,44.86,25.1378,791489,MEDIUM,10,twice-a-week,28
14,Chitesti,Arges,44.86,25.1378,791489,MEDIUM,10,twice-a-week,29
14,Chitesti,Arges,44.86,25.1378,791489,MEDIUM,10,twice-a-week,33
14,Chitesti,Arges,44.86,25.1378,791489,MEDIUM,10,twice-a-week,34
14,Chitesti,Arges,44.86,25.1378,791489,MEDIUM,10,twice-a-week,35
14,Chitesti,Arges,44.86,25.1378,791489,MEDIUM,10,twice-a-week,36
14,Chitesti,Arges,44.86,25.1378,791489,MEDIUM,10,twice-a-week,40
14,Chitesti,Arges,44.86,25.1378,791489,MEDIUM,10,twice-a-week,41
14,Chitesti,Arges,44.86,25.1378,791489,MEDIUM,10,twice-a-week,42
14,Chitesti,Arges,44.86,25.1378,791489,MEDIUM,10,twice-a-week,43
14,Chitesti,Arges,44.86,25.1378,791489,MEDIUM,10,twice-a-week,47
14,Chitesti,Arges,44.86,25.1378,791489,MEDIUM,10,twice-a-week,48
14,Chitesti,Arges,44.86,25.1378,791489,MEDIUM,10,twice-a-week,49
14,Chitesti,Arges,44.86,25.1378,791489,MEDIUM,10,twice-a-week,50
14,Chitesti,Arges,44.86,25.1378,791489,MEDIUM,10,twice-a-week,54
14,Chitesti,Arges,44.86,25.1378,791489,MEDIUM,10,twice-a-week,55
14,Chitesti,Arges,44.86,25.1378,791489,MEDIUM,10,twice-a-week,56
14,Chitesti,Arges,44.86,25.1378,791489,MEDIUM,10,twice-a-week,57
14,Chitesti,Arges,44.86,25.1378,791489,MEDIUM,10,twice-a-week,61
14,Chitesti,Arges,44.86,25.1378,791489,MEDIUM,10,twice-a-week,62
14,Chitesti,Arges,44.86,25.1378,791489,MEDIUM,10,twice-a-week,63
14,Chitesti,Arges,44.86,25.1378,791489,MEDIUM,10,twice-a-week,64
14,Chitesti,Arges,44.86,25.1378,791489,MEDIUM,10,twice-a-week,68
14,Chitesti,Arges,44.86,25.1378,791489,MEDIUM,10,twice-a-week,69
14,Chitesti,Arges,44.86,25.1378,791489,MEDIUM,10,twice-a-week,70
14,Chitesti,Arges,44.86,25.1378,791489,MEDIUM,10,twice-a-week,71
14,Chitesti,Arges,44.86,25.1378,791489,MEDIUM,10,twice-a-week,75
14,Chitesti,Arges,44.86,25.1378,791489,MEDIUM,10,twice-a-week,76
14,Chitesti,Arges,44.86,25.1378,791489,MEDIUM,10,twice-a-week,77
14,Chitesti,Arges,44.86,25.1378,791489,MEDIUM,10,twice-a-week,78
14,Chitesti,Arges,44.86,25.1378,791489,MEDIUM,10,twice-a-week,82
14,Chitesti,Arges,44.86,25.1378,791489,MEDIUM,10,twice-a-week,83
14,Chitesti,Arges,44.86,25.1378,791489,MEDIUM,10,twice-a-week,84
14,Chitesti,Arges,44.86,25.1378,791489,MEDIUM,10,twice-a-week,85
6,Cheresig,Bihor,47.0327,21.675,939962,MEDIUM,11,bi-weekly,5
6,Cheresig,Bihor,47.0327,21.675,939962,MEDIUM,11,bi-weekly,6
6,Cheresig,Bihor,47.0327,21.675,939962,MEDIUM,11,bi-weekly,7
6,Cheresig,Bihor,47.0327,21.675,939962,MEDIUM,11,bi-weekly,8
6,Cheresig,Bihor,47.0327,21.675,939962,MEDIUM,11,bi-weekly,19
6,Cheresig,Bihor,47.0327,21.675,939962,MEDIUM,11,bi-weekly,20
6,Cheresig,Bihor,47.0327,21.675,939962,MEDIUM,11,bi-weekly,21
6,Cheresig,Bihor,47.0327,21.675,939962,MEDIUM,11,bi-weekly,22
6,Cheresig,Bihor,47.0327,21.675,939962,MEDIUM,11,bi-weekly,33
6,Cheresig,Bihor,47.0327,21.675,939962,MEDIUM,11,bi-weekly,34
6,Cheresig,Bihor,47.0327,21.675,939962,MEDIUM,11,bi-weekly,35
6,Cheresig,Bihor,47.0327,21.675,939962,MEDIUM,11,bi-weekly,36
6,Cheresig,Bihor,47.0327,21.675,939962,MEDIUM,11,bi-weekly,47
6,Cheresig,Bihor,47.0327,21.675,939962,MEDIUM,11,bi-weekly,48
6,Cheresig,Bihor,47.0327,21.675,939962,MEDIUM,11,bi-weekly,49
6,Cheresig,Bihor,47.0327,21.675,939962,MEDIUM,11,bi-weekly,50
6,Cheresig,Bihor,47.0327,21.675,939962,MEDIUM,11,bi-weekly,61
6,Cheresig,Bihor,47.0327,21.675,939962,MEDIUM,11,bi-weekly,62
6,Cheresig,Bihor,47.0327,21.675,939962,MEDIUM,11,bi-weekly,63
6,Cheresig,Bihor,47.0327,21.675,939962,MEDIUM,11,bi-weekly,64
6,Cheresig,Bihor,47.0327,21.675,939962,MEDIUM,11,bi-weekly,75
6,Cheresig,Bihor,47.0327,21.675,939962,MEDIUM,11,bi-weekly,76
6,Cheresig,Bihor,47.0327,21.675,939962,MEDIUM,11,bi-weekly,77
6,Cheresig,Bihor,47.0327,21.675,939962,MEDIUM,11,bi-weekly,78
7,Rogoz,Maramures,47.4688,23.9322,750924,MEDIUM,12,bi-weekly,5
7,Rogoz,Maramures,47.4688,23.9322,750924,MEDIUM,12,bi-weekly,6
7,Rogoz,Maramures,47.4688,23.9322,750924,MEDIUM,12,bi-weekly,7
7,Rogoz,Maramures,47.4688,23.9322,750924,MEDIUM,12,bi-weekly,8
7,Rogoz,Maramures,47.4688,23.9322,750924,MEDIUM,12,bi-weekly,19
7,Rogoz,Maramures,47.4688,23.9322,750924,MEDIUM,12,bi-weekly,20
7,Rogoz,Maramures,47.4688,23.9322,750924,MEDIUM,12,bi-weekly,21
7,Rogoz,Maramures,47.4688,23.9322,750924,MEDIUM,12,bi-weekly,22
7,Rogoz,Maramures,47.4688,23.9322,750924,MEDIUM,12,bi-weekly,33
7,Rogoz,Maramures,47.4688,23.9322,750924,MEDIUM,12,bi-weekly,34
7,Rogoz,Maramures,47.4688,23.9322,750924,MEDIUM,12,bi-weekly,35
7,Rogoz,Maramures,47.4688,23.9322,750924,MEDIUM,12,bi-weekly,36
7,Rogoz,Maramures,47.4688,23.9322,750924,MEDIUM,12,bi-weekly,47
7,Rogoz,Maramures,47.4688,23.9322,750924,MEDIUM,12,bi-weekly,48
7,Rogoz,Maramures,47.4688,23.9322,750924,MEDIUM,12,bi-weekly,49
7,Rogoz,Maramures,47.4688,23.9322,750924,MEDIUM,12,bi-weekly,50
7,Rogoz,Maramures,47.4688,23.9322,750924,MEDIUM,12,bi-weekly,61
7,Rogoz,Maramures,47.4688,23.9322,750924,MEDIUM,12,bi-weekly,62
7,Rogoz,Maramures,47.4688,23.9322,750924,MEDIUM,12,bi-weekly,63
7,Rogoz,Maramures,47.4688,23.9322,750924,MEDIUM,12,bi-weekly,64
7,Rogoz,Maramures,47.4688,23.9322,750924,MEDIUM,12,bi-weekly,75
7,Rogoz,Maramures,47.4688,23.9322,750924,MEDIUM,12,bi-weekly,76
7,Rogoz,Maramures,47.4688,23.9322,750924,MEDIUM,12,bi-weekly,77
7,Rogoz,Maramures,47.4688,23.9322,750924,MEDIUM,12,bi-weekly,78
13,Brazii de Jos,Prahova,44.8508,26.0334,594975,MEDIUM,13,weekly,5
13,Brazii de Jos,Prahova,44.8508,26.0334,594975,MEDIUM,13,weekly,6
13,Brazii de Jos,Prahova,44.8508,26.0334,594975,MEDIUM,13,weekly,7
13,Brazii de Jos,Prahova,44.8508,26.0334,594975,MEDIUM,13,weekly,8
13,Brazii de Jos,Prahova,44.8508,26.0334,594975,MEDIUM,13,weekly,12
13,Brazii de Jos,Prahova,44.8508,26.0334,594975,MEDIUM,13,weekly,13
13,Brazii de Jos,Prahova,44.8508,26.0334,594975,MEDIUM,13,weekly,14
13,Brazii de Jos,Prahova,44.8508,26.0334,594975,MEDIUM,13,weekly,15
15,Buzau,Buzau,45.1371,26.8171,989575,MEDIUM,13,twice-a-week,15
13,Brazii de Jos,Prahova,44.8508,26.0334,594975,MEDIUM,13,weekly,19
13,Brazii de Jos,Prahova,44.8508,26.0334,594975,MEDIUM,13,weekly,20
13,Brazii de Jos,Prahova,44.8508,26.0334,594975,MEDIUM,13,weekly,21
13,Brazii de Jos,Prahova,44.8508,26.0334,594975,MEDIUM,13,weekly,22
13,Brazii de Jos,Prahova,44.8508,26.0334,594975,MEDIUM,13,weekly,26
13,Brazii de Jos,Prahova,44.8508,26.0334,594975,MEDIUM,13,weekly,27
13,Brazii de Jos,Prahova,44.8508,26.0334,594975,MEDIUM,13,weekly,28
13,Brazii de Jos,Prahova,44.8508,26.0334,594975,MEDIUM,13,weekly,29
15,Buzau,Buzau,45.1371,26.8171,989575,MEDIUM,13,twice-a-week,29
13,Brazii de Jos,Prahova,44.8508,26.0334,594975,MEDIUM,13,weekly,33
13,Brazii de Jos,Prahova,44.8508,26.0334,594975,MEDIUM,13,weekly,34
13,Brazii de Jos,Prahova,44.8508,26.0334,594975,MEDIUM,13,weekly,35
13,Brazii de Jos,Prahova,44.8508,26.0334,594975,MEDIUM,13,weekly,36
13,Brazii de Jos,Prahova,44.8508,26.0334,594975,MEDIUM,13,weekly,40
13,Brazii de Jos,Prahova,44.8508,26.0334,594975,MEDIUM,13,weekly,41
13,Brazii de Jos,Prahova,44.8508,26.0334,594975,MEDIUM,13,weekly,42
13,Brazii de Jos,Prahova,44.8508,26.0334,594975,MEDIUM,13,weekly,43
15,Buzau,Buzau,45.1371,26.8171,989575,MEDIUM,13,twice-a-week,43
13,Brazii de Jos,Prahova,44.8508,26.0334,594975,MEDIUM,13,weekly,47
13,Brazii de Jos,Prahova,44.8508,26.0334,594975,MEDIUM,13,weekly,48
13,Brazii de Jos,Prahova,44.8508,26.0334,594975,MEDIUM,13,weekly,49
13,Brazii de Jos,Prahova,44.8508,26.0334,594975,MEDIUM,13,weekly,50
13,Brazii de Jos,Prahova,44.8508,26.0334,594975,MEDIUM,13,weekly,54
13,Brazii de Jos,Prahova,44.8508,26.0334,594975,MEDIUM,13,weekly,55
13,Brazii de Jos,Prahova,44.8508,26.0334,594975,MEDIUM,13,weekly,56
13,Brazii de Jos,Prahova,44.8508,26.0334,594975,MEDIUM,13,weekly,57
15,Buzau,Buzau,45.1371,26.8171,989575,MEDIUM,13,twice-a-week,57
13,Brazii de Jos,Prahova,44.8508,26.0334,594975,MEDIUM,13,weekly,61
13,Brazii de Jos,Prahova,44.8508,26.0334,594975,MEDIUM,13,weekly,62
13,Brazii de Jos,Prahova,44.8508,26.0334,594975,MEDIUM,13,weekly,63
13,Brazii de Jos,Prahova,44.8508,26.0334,594975,MEDIUM,13,weekly,64
13,Brazii de Jos,Prahova,44.8508,26.0334,594975,MEDIUM,13,weekly,68
13,Brazii de Jos,Prahova,44.8508,26.0334,594975,MEDIUM,13,weekly,69
13,Brazii de Jos,Prahova,44.8508,26.0334,594975,MEDIUM,13,weekly,70
13,Brazii de Jos,Prahova,44.8508,26.0334,594975,MEDIUM,13,weekly,71
15,Buzau,Buzau,45.1371,26.8171,989575,MEDIUM,13,twice-a-week,71
13,Brazii de Jos,Prahova,44.8508,26.0334,594975,MEDIUM,13,weekly,75
13,Brazii de Jos,Prahova,44.8508,26.0334,594975,MEDIUM,13,weekly,76
13,Brazii de Jos,Prahova,44.8508,26.0334,594975,MEDIUM,13,weekly,77
13,Brazii de Jos,Prahova,44.8508,26.0334,594975,MEDIUM,13,weekly,78
13,Brazii de Jos,Prahova,44.8508,26.0334,594975,MEDIUM,13,weekly,82
13,Brazii de Jos,Prahova,44.8508,26.0334,594975,MEDIUM,13,weekly,83
13,Brazii de Jos,Prahova,44.8508,26.0334,594975,MEDIUM,13,weekly,84
13,Brazii de Jos,Prahova,44.8508,26.0334,594975,MEDIUM,13,weekly,85
15,Buzau,Buzau,45.1371,26.8171,989575,MEDIUM,13,twice-a-week,85
0,Nasaud,Bistrita-Nasaud,47.2922,24.3973,1349829,LARGE,15,twice-a-week,5
0,Nasaud,Bistrita-Nasaud,47.2922,24.3973,1349829,LARGE,15,twice-a-week,6
0,Nasaud,Bistrita-Nasaud,47.2922,24.3973,1349829,LARGE,15,twice-a-week,7
0,Nasaud,Bistrita-Nasaud,47.2922,24.3973,1349829,LARGE,15,twice-a-week,8
0,Nasaud,Bistrita-Nasaud,47.2922,24.3973,1349829,LARGE,15,twice-a-week,12
0,Nasaud,Bistrita-Nasaud,47.2922,24.3973,1349829,LARGE,15,twice-a-week,13
0,Nasaud,Bistrita-Nasaud,47.2922,24.3973,1349829,LARGE,15,twice-a-week,14
0,Nasaud,Bistrita-Nasaud,47.2922,24.3973,1349829,LARGE,15,twice-a-week,15
0,Nasaud,Bistrita-Nasaud,47.2922,24.3973,1349829,LARGE,15,twice-a-week,19
0,Nasaud,Bistrita-Nasaud,47.2922,24.3973,1349829,LARGE,15,twice-a-week,20
0,Nasaud,Bistrita-Nasaud,47.2922,24.3973,1349829,LARGE,15,twice-a-week,21
0,Nasaud,Bistrita-Nasaud,47.2922,24.3973,1349829,LARGE,15,twice-a-week,22
0,Nasaud,Bistrita-Nasaud,47.2922,24.3973,1349829,LARGE,15,twice-a-week,26
0,Nasaud,Bistrita-Nasaud,47.2922,24.3973,1349829,LARGE,15,twice-a-week,27
0,Nasaud,Bistrita-Nasaud,47.2922,24.3973,1349829,LARGE,15,twice-a-week,28
0,Nasaud,Bistrita-Nasaud,47.2922,24.3973,1349829,LARGE,15,twice-a-week,29
0,Nasaud,Bistrita-Nasaud,47.2922,24.3973,1349829,LARGE,15,twice-a-week,33
0,Nasaud,Bistrita-Nasaud,47.2922,24.3973,1349829,LARGE,15,twice-a-week,34
0,Nasaud,Bistrita-Nasaud,47.2922,24.3973,1349829,LARGE,15,twice-a-week,35
0,Nasaud,Bistrita-Nasaud,47.2922,24.3973,1349829,LARGE,15,twice-a-week,36
0,Nasaud,Bistrita-Nasaud,47.2922,24.3973,1349829,LARGE,15,twice-a-week,40
0,Nasaud,Bistrita-Nasaud,47.2922,24.3973,1349829,LARGE,15,twice-a-week,41
0,Nasaud,Bistrita-Nasaud,47.2922,24.3973,1349829,LARGE,15,twice-a-week,42
0,Nasaud,Bistrita-Nasaud,47.2922,24.3973,1349829,LARGE,15,twice-a-week,43
0,Nasaud,Bistrita-Nasaud,47.2922,24.3973,1349829,LARGE,15,twice-a-week,47
0,Nasaud,Bistrita-Nasaud,47.2922,24.3973,1349829,LARGE,15,twice-a-week,48
0,Nasaud,Bistrita-Nasaud,47.2922,24.3973,1349829,LARGE,15,twice-a-week,49
0,Nasaud,Bistrita-Nasaud,47.2922,24.3973,1349829,LARGE,15,twice-a-week,50
0,Nasaud,Bistrita-Nasaud,47.2922,24.3973,1349829,LARGE,15,twice-a-week,54
0,Nasaud,Bistrita-Nasaud,47.2922,24.3973,1349829,LARGE,15,twice-a-week,55
0,Nasaud,Bistrita-Nasaud,47.2922,24.3973,1349829,LARGE,15,twice-a-week,56
0,Nasaud,Bistrita-Nasaud,47.2922,24.3973,1349829,LARGE,15,twice-a-week,57
0,Nasaud,Bistrita-Nasaud,47.2922,24.3973,1349829,LARGE,15,twice-a-week,61
0,Nasaud,Bistrita-Nasaud,47.2922,24.3973,1349829,LARGE,15,twice-a-week,62
0,Nasaud,Bistrita-Nasaud,47.2922,24.3973,1349829,LARGE,15,twice-a-week,63
0,Nasaud,Bistrita-Nasaud,47.2922,24.3973,1349829,LARGE,15,twice-a-week,64
0,Nasaud,Bistrita-Nasaud,47.2922,24.3973,1349829,LARGE,15,twice-a-week,68
0,Nasaud,Bistrita-Nasaud,47.2922,24.3973,1349829,LARGE,15,twice-a-week,69
0,Nasaud,Bistrita-Nasaud,47.2922,24.3973,1349829,LARGE,15,twice-a-week,70
0,Nasaud,Bistrita-Nasaud,47.2922,24.3973,1349829,LARGE,15,twice-a-week,71
0,Nasaud,Bistrita-Nasaud,47.2922,24.3973,1349829,LARGE,15,twice-a-week,75
0,Nasaud,Bistrita-Nasaud,47.2922,24.3973,1349829,LARGE,15,twice-a-week,76
0,Nasaud,Bistrita-Nasaud,47.2922,24.3973,1349829,LARGE,15,twice-a-week,77
0,Nasaud,Bistrita-Nasaud,47.2922,24.3973,1349829,LARGE,15,twice-a-week,78
0,Nasaud,Bistrita-Nasaud,47.2922,24.3973,1349829,LARGE,15,twice-a-week,82
0,Nasaud,Bistrita-Nasaud,47.2922,24.3973,1349829,LARGE,15,twice-a-week,83
0,Nasaud,Bistrita-Nasaud,47.2922,24.3973,1349829,LARGE,15,twice-a-week,84
0,Nasaud,Bistrita-Nasaud,47.2922,24.3973,1349829,LARGE,15,twice-a-week,85
4,Caracal,Olt,44.1157,24.3425,787836,MEDIUM,17,twice-a-week,5
4,Caracal,Olt,44.1157,24.3425,787836,MEDIUM,17,twice-a-week,6
4,Caracal,Olt,44.1157,24.3425,787836,MEDIUM,17,twice-a-week,7
4,Caracal,Olt,44.1157,24.3425,787836,MEDIUM,17,twice-a-week,8
4,Caracal,Olt,44.1157,24.3425,787836,MEDIUM,17,twice-a-week,12
4,Caracal,Olt,44.1157,24.3425,787836,MEDIUM,17,twice-a-week,13
4,Caracal,Olt,44.1157,24.3425,787836,MEDIUM,17,twice-a-week,14
3,Panet,Mures,46.5599,24.4352,8478,SMALL,0,twice-a-week,15
4,Caracal,Olt,44.1157,24.3425,787836,MEDIUM,17,twice-a-week,15
4,Caracal,Olt,44.1157,24.3425,787836,MEDIUM,17,twice-a-week,19
4,Caracal,Olt,44.1157,24.3425,787836,MEDIUM,17,twice-a-week,20
4,Caracal,Olt,44.1157,24.3425,787836,MEDIUM,17,twice-a-week,21
4,Caracal,Olt,44.1157,24.3425,787836,MEDIUM,17,twice-a-week,22
4,Caracal,Olt,44.1157,24.3425,787836,MEDIUM,17,twice-a-week,26
4,Caracal,Olt,44.1157,24.3425,787836,MEDIUM,17,twice-a-week,27
4,Caracal,Olt,44.1157,24.3425,787836,MEDIUM,17,twice-a-week,28
4,Caracal,Olt,44.1157,24.3425,787836,MEDIUM,17,twice-a-week,29
7,Rogoz,Maramures,47.4688,23.9322,750924,MEDIUM,12,bi-weekly,29
4,Caracal,Olt,44.1157,24.3425,787836,MEDIUM,17,twice-a-week,33
4,Caracal,Olt,44.1157,24.3425,787836,MEDIUM,17,twice-a-week,34
4,Caracal,Olt,44.1157,24.3425,787836,MEDIUM,17,twice-a-week,35
4,Caracal,Olt,44.1157,24.3425,787836,MEDIUM,17,twice-a-week,36
4,Caracal,Olt,44.1157,24.3425,787836,MEDIUM,17,twice-a-week,40
4,Caracal,Olt,44.1157,24.3425,787836,MEDIUM,17,twice-a-week,41
4,Caracal,Olt,44.1157,24.3425,787836,MEDIUM,17,twice-a-week,42
4,Caracal,Olt,44.1157,24.3425,787836,MEDIUM,17,twice-a-week,43
8,Lunca de Jos,Harghita,46.6446,25.9562,1255089,LARGE,6,weekly,43
4,Caracal,Olt,44.1157,24.3425,787836,MEDIUM,17,twice-a-week,47
4,Caracal,Olt,44.1157,24.3425,787836,MEDIUM,17,twice-a-week,48
4,Caracal,Olt,44.1157,24.3425,787836,MEDIUM,17,twice-a-week,49
4,Caracal,Olt,44.1157,24.3425,787836,MEDIUM,17,twice-a-week,50
4,Caracal,Olt,44.1157,24.3425,787836,MEDIUM,17,twice-a-week,54
4,Caracal,Olt,44.1157,24.3425,787836,MEDIUM,17,twice-a-week,55
4,Caracal,Olt,44.1157,24.3425,787836,MEDIUM,17,twice-a-week,56
1,Alba Iulia,Alba,46.0733,23.5805,1127631,LARGE,0,weekly,57
4,Caracal,Olt,44.1157,24.3425,787836,MEDIUM,17,twice-a-week,57
4,Caracal,Olt,44.1157,24.3425,787836,MEDIUM,17,twice-a-week,61
4,Caracal,Olt,44.1157,24.3425,787836,MEDIUM,17,twice-a-week,62
4,Caracal,Olt,44.1157,24.3425,787836,MEDIUM,17,twice-a-week,63
4,Caracal,Olt,44.1157,24.3425,787836,MEDIUM,17,twice-a-week,64
4,Caracal,Olt,44.1157,24.3425,787836,MEDIUM,17,twice-a-week,68
4,Caracal,Olt,44.1157,24.3425,787836,MEDIUM,17,twice-a-week,69
4,Caracal,Olt,44.1157,24.3425,787836,MEDIUM,17,twice-a-week,70
3,Panet,Mures,46.5599,24.4352,8478,SMALL,0,twice-a-week,71
4,Caracal,Olt,44.1157,24.3425,787836,MEDIUM,17,twice-a-week,71
4,Caracal,Olt,44.1157,24.3425,787836,MEDIUM,17,twice-a-week,75
4,Caracal,Olt,44.1157,24.3425,787836,MEDIUM,17,twice-a-week,76
4,Caracal,Olt,44.1157,24.3425,787836,MEDIUM,17,twice-a-week,77
4,Caracal,Olt,44.1157,24.3425,787836,MEDIUM,17,twice-a-week,78
4,Caracal,Olt,44.1157,24.3425,787836,MEDIUM,17,twice-a-week,82
4,Caracal,Olt,44.1157,24.3425,787836,MEDIUM,17,twice-a-week,83
4,Caracal,Olt,44.1157,24.3425,787836,MEDIUM,17,twice-a-week,84
4,Caracal,Olt,44.1157,24.3425,787836,MEDIUM,17,twice-a-week,85
6,Cheresig,Bihor,47.0327,21.675,939962,MEDIUM,11,bi-weekly,85
10,Valea Ursului,Iasi,47.1352,27.486,1193163,LARGE,19,bi-weekly,5
11,Iasi,Iasi,47.1585,27.6014,566790,MEDIUM,19,weekly,5
10,Valea Ursului,Iasi,47.1352,27.486,1193163,LARGE,19,bi-weekly,6
10,Valea Ursului,Iasi,47.1352,27.486,1193163,LARGE,19,bi-weekly,7
10,Valea Ursului,Iasi,47.1352,27.486,1193163,LARGE,19,bi-weekly,8
11,Iasi,Iasi,47.1585,27.6014,566790,MEDIUM,19,weekly,12
11,Iasi,Iasi,47.1585,27.6014,566790,MEDIUM,19,weekly,13
11,Iasi,Iasi,47.1585,27.6014,566790,MEDIUM,19,weekly,14
19,Brazii de Jos,Prahova,44.8508,26.0334,627009,MEDIUM,13,weekly,14
10,Valea Ursului,Iasi,47.1352,27.486,1193163,LARGE,19,bi-weekly,19
11,Iasi,Iasi,47.1585,27.6014,566790,MEDIUM,19,weekly,19
10,Valea Ursului,Iasi,47.1352,27.486,1193163,LARGE,19,bi-weekly,20
10,Valea Ursului,Iasi,47.1352,27.486,1193163,LARGE,19,bi-weekly,21
10,Valea Ursului,Iasi,47.1352,27.486,1193163,LARGE,19,bi-weekly,22
11,Iasi,Iasi,47.1585,27.6014,566790,MEDIUM,19,weekly,26
11,Iasi,Iasi,47.1585,27.6014,566790,MEDIUM,19,weekly,27
4,Caracal,Olt,44.1157,24.3425,787836,MEDIUM,17,twice-a-week,28
11,Iasi,Iasi,47.1585,27.6014,566790,MEDIUM,19,weekly,28
10,Valea Ursului,Iasi,47.1352,27.486,1193163,LARGE,19,bi-weekly,33
11,Iasi,Iasi,47.1585,27.6014,566790,MEDIUM,19,weekly,33
10,Valea Ursului,Iasi,47.1352,27.486,1193163,LARGE,19,bi-weekly,34
10,Valea Ursului,Iasi,47.1352,27.486,1193163,LARGE,19,bi-weekly,35
10,Valea Ursului,Iasi,47.1352,27.486,1193163,LARGE,19,bi-weekly,36
11,Iasi,Iasi,47.1585,27.6014,566790,MEDIUM,19,weekly,40
11,Iasi,Iasi,47.1585,27.6014,566790,MEDIUM,19,weekly,41
4,Caracal,Olt,44.1157,24.3425,787836,MEDIUM,17,twice-a-week,42
11,Iasi,Iasi,47.1585,27.6014,566790,MEDIUM,19,weekly,42
10,Valea Ursului,Iasi,47.1352,27.486,1193163,LARGE,19,bi-weekly,47
11,Iasi,Iasi,47.1585,27.6014,566790,MEDIUM,19,weekly,47
10,Valea Ursului,Iasi,47.1352,27.486,1193163,LARGE,19,bi-weekly,48
10,Valea Ursului,Iasi,47.1352,27.486,1193163,LARGE,19,bi-weekly,49
10,Valea Ursului,Iasi,47.1352,27.486,1193163,LARGE,19,bi-weekly,50
11,Iasi,Iasi,47.1585,27.6014,566790,MEDIUM,19,weekly,54
11,Iasi,Iasi,47.1585,27.6014,566790,MEDIUM,19,weekly,55
4,Caracal,Olt,44.1157,24.3425,787836,MEDIUM,17,twice-a-week,56
11,Iasi,Iasi,47.1585,27.6014,566790,MEDIUM,19,weekly,56
10,Valea Ursului,Iasi,47.1352,27.486,1193163,LARGE,19,bi-weekly,61
11,Iasi,Iasi,47.1585,27.6014,566790,MEDIUM,19,weekly,61
10,Valea Ursului,Iasi,47.1352,27.486,1193163,LARGE,19,bi-weekly,62
10,Valea Ursului,Iasi,47.1352,27.486,1193163,LARGE,19,bi-weekly,63
10,Valea Ursului,Iasi,47.1352,27.486,1193163,LARGE,19,bi-weekly,64
11,Iasi,Iasi,47.1585,27.6014,566790,MEDIUM,19,weekly,68
11,Iasi,Iasi,47.1585,27.6014,566790,MEDIUM,19,weekly,69
0,Nasaud,Bistrita-Nasaud,47.2922,24.3973,1349829,LARGE,15,twice-a-week,70
11,Iasi,Iasi,47.1585,27.6014,566790,MEDIUM,19,weekly,70
10,Valea Ursului,Iasi,47.1352,27.486,1193163,LARGE,19,bi-weekly,75
11,Iasi,Iasi,47.1585,27.6014,566790,MEDIUM,19,weekly,75
10,Valea Ursului,Iasi,47.1352,27.486,1193163,LARGE,19,bi-weekly,76
10,Valea Ursului,Iasi,47.1352,27.486,1193163,LARGE,19,bi-weekly,77
10,Valea Ursului,Iasi,47.1352,27.486,1193163,LARGE,19,bi-weekly,78
11,Iasi,Iasi,47.1585,27.6014,566790,MEDIUM,19,weekly,82
11,Iasi,Iasi,47.1585,27.6014,566790,MEDIUM,19,weekly,83
11,Iasi,Iasi,47.1585,27.6014,566790,MEDIUM,19,weekly,84
